{
  "project_info": {
    "project_number": "458781415980",
    "project_id": "gorena-60ebb",
    "storage_bucket": "gorena-60ebb.appspot.com"
  },
  "client": [
    {
      "client_info": {
        "mobilesdk_app_id": "1:458781415980:android:6ccf9f7c02b7782add0f89",
        "android_client_info": {
          "package_name": "com.bangkit.ch2_ps178_android"
        }
      },
      "oauth_client": [],
      "api_key": [
        {
          "current_key": "AIzaSyBo2VZpRdtqyd3rMW9vxckK8n2fE53WnLU"
        }
      ],
      "services": {
        "appinvite_service": {
          "other_platform_oauth_client": []
        }
      }
    },
    {
      "client_info": {
        "mobilesdk_app_id": "1:458781415980:android:0946e1add9e38e2cdd0f89",
        "android_client_info": {
          "package_name": "com.bangkit.gorena"
        }
      },
      "oauth_client": [],
      "api_key": [
        {
          "current_key": "AIzaSyBo2VZpRdtqyd3rMW9vxckK8n2fE53WnLU"
        }
      ],
      "services": {
        "appinvite_service": {
          "other_platform_oauth_client": []
        }
      }
    }
  ],
  "configuration_version": "1"
}